<application>
  <component name="LafManager">
    <laf themeId="a293ecf1-9955-4e83-a94f-362e1636bc1e" />
    <lafs-to-previous-schemes>
      <laf-to-scheme laf="246a798b-a742-42c0-a587-43f3aceb11bb" scheme="_@user_Default" />
      <laf-to-scheme laf="CUSTOM" scheme="_@user_Darcula" />
      <laf-to-scheme laf="Darcula" scheme="_@user_Material Oceanic" />
      <laf-to-scheme laf="ExperimentalDark" scheme="Atom One Dark (Material)" />
      <laf-to-scheme laf="a293ecf1-9955-4e83-a94f-362e1636bc1e" scheme="_@user_Xcode-Dark" />
      <laf-to-scheme laf="com.github.catppuccin.mocha.jetbrains" scheme="_@user_Atom One Dark" />
      <laf-to-scheme laf="f92a0fa7-1a98-47cd-b5cb-78ff67e6f4f3" scheme="_@user_Light" />
    </lafs-to-previous-schemes>
  </component>
</application>