<application>
  <component name="authManager">
    <option name="ssoProfiles">
      <list>
        <ManagedSsoProfile>
          <option name="scopes">
            <list>
              <option value="codewhisperer:conversations" />
              <option value="codewhisperer:transformations" />
              <option value="codewhisperer:taskassist" />
              <option value="codewhisperer:completions" />
              <option value="codewhisperer:analysis" />
              <option value="codecatalyst:read_write" />
            </list>
          </option>
          <option name="ssoRegion" value="us-east-1" />
          <option name="startUrl" value="https://view.awsapps.com/start" />
        </ManagedSsoProfile>
      </list>
    </option>
  </component>
  <component name="aws">
    <option name="QMigrationNotificationShownOnce" value="true" />
    <option name="autoUpdateFeatureNotificationShownOnce" value="true" />
    <option name="profilesNotification" value="Never" />
    <option name="promptedForTelemetry" value="true" />
  </component>
  <component name="codewhispererStates">
    <option name="value">
      <map>
        <entry key="IsMonthlyQuotaForCodeScansExceeded" value="false" />
        <entry key="IsFirstRestartAfterQInstall" value="false" />
      </map>
    </option>
  </component>
  <component name="codewhispererUserGroupSettings">
    <option name="settings">
      <map>
        <entry key="userGroup" value="Control" />
      </map>
    </option>
    <option name="version" value="3.14-241" />
  </component>
  <component name="connectionPinningManager">
    <option name="pinnedConnections">
      <map>
        <entry key="aws.codecatalyst" value="sso;us-east-1;https://view.awsapps.com/start" />
        <entry key="aws.codewhisperer" value="sso;us-east-1;https://view.awsapps.com/start" />
        <entry key="aws.q" value="sso;us-east-1;https://view.awsapps.com/start" />
      </map>
    </option>
  </component>
  <component name="meetQPage">
    <option name="shouldDisplayPage" value="false" />
  </component>
</application>