<application>
  <component name="LocalDatabaseDriverManager" version="201">
    <driver id="mysql.8">
      <artifact />
      <artifact id="MySQL ConnectorJ" name="MySQL ConnectorJ" use="true" version="8.2.0" />
    </driver>
    <driver id="java.sql.Driver" name="DM Driver" driver-class="dm.jdbc.driver.DmDriver">
      <remarks>实训云_DM</remarks>
      <url-template name="DM_JDBC_TEMPLATE" template="jdbc:dm://{host::localhost}?[:{port::5239}][/{database}?][\?&lt;&amp;,user={user},password={password},{:identifier}={:param}&gt;]" />
      <library>
        <url>file://C:/Software/jdbc-drivers/DmJdbcDriver18-8.1.3.62.jar</url>
      </library>
    </driver>
  </component>
</application>