<application>
  <component name="DBNavigator.Application.FileTypeService">
    <original-file-types>
      <mapping file-extension="sql" file-type="SQL" />
    </original-file-types>
  </component>
  <component name="DBNavigator.Application.PluginConflictManager">
    <plugin-conflict-prompted value="false" />
    <file-types-claimed value="false" />
  </component>
  <component name="DBNavigator.Application.PluginStatusManager">
    <plugin-statuses>
      <status project="C:/Code/visitor-server" dbn="PASSIVE" sql="PASSIVE" />
      <status project="C:/vcmy/佛山实训云/佛山实训云漏洞修复/ptc" dbn="PASSIVE" sql="PASSIVE" />
      <status project="C:/Code/佛山实训云/vcmy-ptc" dbn="PASSIVE" sql="PASSIVE" />
      <status project="C:/Code/SpringCloud" dbn="PASSIVE" sql="PASSIVE" />
      <status project="C:/Code/WorkSpace2024" dbn="PASSIVE" sql="PASSIVE" />
      <status project="C:/Code/vcmy-ptc" dbn="PASSIVE" sql="ACTIVE" />
      <status project="DEFAULT" dbn="PASSIVE" sql="PASSIVE" />
      <status project="C:/Code/railway_transportation" dbn="PASSIVE" sql="PASSIVE" />
      <status project="C:/work/智搜/search_plus" dbn="PASSIVE" sql="PASSIVE" />
    </plugin-statuses>
  </component>
  <component name="DBNavigator.Application.Settings">
    <diagnostics>
      <developer-mode>
        <timeout value="10" />
        <enabled value="false" />
      </developer-mode>
      <debug-logging failsafe-errors="false" database-access="false" database-resource="false" />
      <database-lag enabled="false" connectivity="2000" querying="2000" fetching="500" />
      <miscellaneous dialog-sizing-reset="false" bulk-actions-enabled="false" background-disposer-disabled="false" timeout-handling-disabled="false" />
    </diagnostics>
    <client-id value="1F3D9BE9254547B88661CC08B0018621" />
  </component>
</application>