<application>
  <component name="FileTypeManager" version="19">
    <ignoreFiles list="*.iml;*.pyc;*.pyo;*.rbc;*.yarb;*~;.DS_Store;.git;.hg;.idea;.mypy_cache;.pytest_cache;.ruff_cache;.svn;CVS;__pycache__;_svn;vssver.scc;vssver2.scc" />
    <extensionMap>
      <mapping ext="vmoptions" type="AUTO_DETECTED" />
      <mapping ext="plantuml" type="PlantUML file" />
      <removed_mapping ext="apk" approved="true" type="ARCHIVE" />
      <removed_mapping ext="ddl" approved="true" type="DBN-SQL" />
      <removed_mapping ext="dockerignore" approved="true" type="DockerIgnore file" />
      <removed_mapping ext="fnc" approved="true" type="SQL" />
      <removed_mapping ext="ignore" approved="true" type="IgnoreLang file" />
      <removed_mapping ext="pkb" approved="true" type="SQL" />
      <removed_mapping ext="pks" approved="true" type="SQL" />
      <removed_mapping ext="prc" approved="true" type="SQL" />
      <removed_mapping ext="psd" approved="true" type="Image" />
      <removed_mapping ext="sql" approved="true" type="DBN-SQL" />
      <removed_mapping ext="tpb" approved="true" type="SQL" />
      <removed_mapping ext="tps" approved="true" type="SQL" />
      <removed_mapping ext="trg" approved="true" type="SQL" />
      <removed_mapping ext="vw" approved="true" type="SQL" />
    </extensionMap>
  </component>
</application>