<application>
  <component name="ProjectManager">
    <defaultProject>
      <component name="Encoding" defaultCharsetForPropertiesFiles="UTF-8">
        <file url="PROJECT" charset="UTF-8" />
      </component>
      <component name="InspectionProjectProfileManager">
        <profile version="1.0">
          <option name="myName" value="Project Default" />
        </profile>
        <version value="1.0" />
      </component>
      <component name="MaterialThemeProjectNewConfig">
        <option name="metadata">
          <MTProjectMetadataState>
            <option name="migrated" value="true" />
            <option name="pristineConfig" value="false" />
            <option name="userId" value="-2d625aab:1908ab78022:-7ff7" />
          </MTProjectMetadataState>
        </option>
      </component>
      <component name="MavenImportPreferences">
        <option name="generalSettings">
          <MavenGeneralSettings>
            <option name="userSettingsFile" value="C:\Software\Maven\apache-maven-3.9.6\conf\settings.xml" />
          </MavenGeneralSettings>
        </option>
        <option name="importingSettings">
          <MavenImportingSettings>
            <option name="vmOptionsForImporter" value="-Xmx1024m" />
          </MavenImportingSettings>
        </option>
      </component>
      <component name="ProjectViewState">
        <option name="hideEmptyMiddlePackages" value="true" />
        <option name="showExcludedFiles" value="false" />
        <option name="showLibraryContents" value="true" />
        <option name="showVisibilityIcons" value="true" />
      </component>
      <component name="PropertiesComponent"><![CDATA[{
  "keyToString": {
    "last_opened_file_path": "C:/Code",
    "settings.editor.selected.configurable": "http.proxy"
  }
}]]></component>
      <component name="WindowStateProjectService">
        <state x="805" y="214" key="FileChooserDialogImpl" timestamp="1725025968281">
          <screen x="0" y="0" width="2048" height="1104" />
        </state>
        <state x="805" y="214" key="FileChooserDialogImpl/-1920.190.1536.816/0.0.2048.1104" timestamp="1725025968281" />
      </component>
      <component name="masterDetails">
        <states>
          <state key="ProjectJDKs.UI">
            <settings>
              <last-edited>15</last-edited>
              <splitter-proportions>
                <option name="proportions">
                  <list>
                    <option value="0.2" />
                  </list>
                </option>
              </splitter-proportions>
            </settings>
          </state>
        </states>
      </component>
    </defaultProject>
  </component>
</application>