<application>
  <component name="Translation.Cache">
    <option name="lastTrimTime" value="1730207675963" />
  </component>
  <component name="Translation.Settings">
    <option name="primaryFontPreviewText" value="This is a sample&#10;multiline text" />
  </component>
  <component name="Translation.States">
    <option name="translationDialogHeight" value="260" />
    <option name="translationDialogLocationX" value="723" />
    <option name="translationDialogLocationY" value="426" />
    <histories>
      <item value="上一次修改密码时间" />
      <item value="评分后" />
      <item value="SYSTEM error" />
      <item value="VMFS" />
      <item value="进度" />
      <item value="Error creating bean with name 'scopedTarget.eurekaClient' defined in class path resource" />
      <item value="Indicates whether or not this instance should register its information with eureka server for discovery by others. In some cases, you do not want your instances to be discovered whereas you just want do discover other instances" />
      <item value="户口簿" />
      <item value="身份证" />
      <item value="根据id将校友恢复为学生" />
      <item value="校友" />
      <item value="restoreUserFrom校友" />
      <item value="ALUMNI" />
      <item value="校友会" />
      <item value="将学生转移到校友会" />
      <item value="道闸通道" />
      <item value="门禁" />
      <item value="门禁通道" />
      <item value="梯控授权" />
      <item value="门禁点授权" />
      <item value="宿舍" />
      <item value="宿舍门组" />
      <item value="女性" />
      <item value="门禁授权" />
      <item value="门禁授权服务" />
      <item value="班级名称" />
    </histories>
    <option name="languageScores">
      <map>
        <entry key="CHINESE" value="22" />
        <entry key="CHINESE_SIMPLIFIED" value="3" />
        <entry key="ENGLISH" value="22" />
        <entry key="JAPANESE" value="2" />
      </map>
    </option>
  </component>
</application>