<keymap version="1" name="Windows copy" parent="$default">
  <action id="Codegeex.enableCodegeex">
    <keyboard-shortcut first-keystroke="alt g" />
  </action>
  <action id="Codegeex.requestCompletions">
    <keyboard-shortcut first-keystroke="alt s" />
  </action>
  <action id="MarsCode.chat.auto">
    <keyboard-shortcut first-keystroke="alt i" />
  </action>
  <action id="OpenInlineChatAction">
    <keyboard-shortcut first-keystroke="shift ctrl g" />
  </action>
  <action id="TriggerInlayCompletionAction">
    <keyboard-shortcut first-keystroke="alt p" />
    <keyboard-shortcut first-keystroke="alt s" />
  </action>
</keymap>